--------------------------------------------------------------------------------------------------------------------------------  CATEGORIAS ---------------------------------------------------------------------

--INSERT INTO Category (category_id, name, description) VALUES (1, 'Electrónicos', 'Gadgets, dispositivos multiuso, entre otros.');
--INSERT INTO Category (category_id, name, description) VALUES (2, 'Ropa', 'Prendas de vestir para hombre, mujer y niños.');
--INSERT INTO Category (category_id, name, description) VALUES (3, 'Hogar', 'Artículos para el hogar y la decoración.');
--INSERT INTO Category (category_id, name, description) VALUES (4, 'Deportes', 'Equipos, accesorios y ropa deportiva.');
--INSERT INTO Category (category_id, name, description) VALUES (5, 'Juguetes', 'Juguetes y juegos educativos para todas las edades.');
--INSERT INTO Category (category_id, name, description) VALUES (6, 'Libros', 'Literatura, textos académicos y material de consulta.');
--INSERT INTO Category (category_id, name, description) VALUES (7, 'Belleza', 'Cosméticos, perfumes y productos para el cuidado personal.');
--INSERT INTO Category (category_id, name, description) VALUES (8, 'Mascotas', 'Accesorios, alimentos y juguetes para mascotas.');
--INSERT INTO Category (category_id, name, description) VALUES (9, 'Automotriz', 'Repuestos, herramientas y accesorios para vehículos.');
--INSERT INTO Category (category_id, name, description) VALUES (10, 'Tecnología', 'Software, servicios en la nube y accesorios digitales.');


--------------------------------------------------------------------------------------------------------------------------------  PRODUCTOS ---------------------------------------------------------------------

--INSERT INTO Product (product_id, name, description, price, stock, image, category_id) VALUES (1, 'Smartphone Galaxy X', 'Teléfono inteligente con cámara de 108MP y batería de larga duración', 750, 50, 'https://example.com/images/galaxyx.jpg', 1);

--INSERT INTO Product (product_id, name, description, price, stock, image, category_id) VALUES (2, 'Playera de The boys', 'Playera de verano con estampado de The Boys en diferentes tamaños', 20, 120, 'https://srv.latostadora.com/image/the-boys-club--id:cdd60890-3b3f-4b4e-9b16-03209b14dc47;s:H_A1;b:f2f2f2;w:520;f:f;i:135623135623201709261.jpg', 2);

--INSERT INTO Product (product_id, name, description, price, stock, image, category_id) VALUES (3, 'Sofá Reclinable', 'Sofá de tres plazas en tela gris, reclinable con portavasos', 480, 15, 'https://example.com/images/sofa.jpg', 3);

--INSERT INTO Product (product_id, name, description, price, stock, image, category_id) VALUES (4, 'Balón de Fútbol Adidas', 'Balón oficial de la liga con diseño resistente y duradero', 35, 200, 'https://example.com/images/balon.jpg', 4);

--INSERT INTO Product (product_id, name, description, price, stock, image, category_id) VALUES (5, 'Lego Star Wars', 'Set de construcción con 500 piezas de la saga Star Wars', 90, 60, 'https://example.com/images/lego.jpg', 5);

--INSERT INTO Product (product_id, name, description, price, stock, image, category_id) VALUES (6, 'Libro: Cien Años de Soledad', 'Edición especial con portada dura del clásico de Gabriel García Márquez', 18, 85, 'https://example.com/images/cienaños.jpg', 6);

--INSERT INTO Product (product_id, name, description, price, stock, image, category_id) VALUES (7, 'Perfume Chanel No. 5', 'Perfume clásico de mujer en presentación de 100ml', 110, 40, 'https://example.com/images/chanel.jpg', 7);

--INSERT INTO Product (product_id, name, description, price, stock, image, category_id) VALUES (8, 'Collar para Perros', 'Collar ajustable de cuero con hebilla metálica', 15, 150, 'https://example.com/images/collar.jpg', 8);

--INSERT INTO Product (product_id, name, description, price, stock, image, category_id) VALUES (9, 'Llantas Michelin 15"', 'Juego de 4 llantas para automóvil de uso urbano', 320, 25, 'https://example.com/images/llantas.jpg', 9);

--INSERT INTO Product (product_id, name, description, price, stock, image, category_id) VALUES (10, 'Teclado Mecánico RGB', 'Teclado gamer con luces RGB y switches azules', 65, 70, 'https://example.com/images/teclado.jpg', 10);

--INSERT INTO Product (product_id, name, description, price, stock, image, category_id) VALUES (11, 'Laptop Lenovo ThinkPad', 'Laptop de 14" con procesador i7 y 16GB RAM', 950, 30, 'https://example.com/images/laptop.jpg', 1);

--INSERT INTO Product (product_id, name, description, price, stock, image, category_id) VALUES (12, 'Jeans Levis 501', 'Jeans azul clásico para hombre, todas las tallas', 45, 200, 'https://example.com/images/jeans.jpg', 2);

--INSERT INTO Product (product_id, name, description, price, stock, image, category_id) VALUES (13, 'Mesa de Centro Moderna', 'Mesa de madera con acabado minimalista', 120, 40, 'https://example.com/images/mesa.jpg', 3);

--INSERT INTO Product (product_id, name, description, price, stock, image, category_id) VALUES (14, 'Raqueta de Tenis Wilson', 'Raqueta profesional de grafito con funda', 130, 60, 'https://example.com/images/raqueta.jpg', 4);

--INSERT INTO Product (product_id, name, description, price, stock, image, category_id) VALUES (15, 'Muñeca Barbie', 'Barbie fashionista edición especial 2025', 30, 150, 'https://example.com/images/barbie.jpg', 5);

--INSERT INTO Product (product_id, name, description, price, stock, image, category_id) VALUES (16, 'Libro: El Señor de los Anillos', 'Trilogía completa en un solo tomo ilustrado', 50, 90, 'https://example.com/images/lotr.jpg', 6);

--INSERT INTO Product (product_id, name, description, price, stock, image, category_id) VALUES (17, 'Labial MAC Mate', 'Labial de larga duración color rojo pasión', 25, 110, 'https://example.com/images/labial.jpg', 7);

--INSERT INTO Product (product_id, name, description, price, stock, image, category_id) VALUES (18, 'Cama para Gatos', 'Cama acolchada en forma de iglú para gatos pequeños', 35, 95, 'https://example.com/images/camagato.jpg', 8);

--INSERT INTO Product (product_id, name, description, price, stock, image, category_id) VALUES (19, 'Aceite de Motor Castrol', 'Aceite sintético para motor de 5L', 42, 80, 'https://example.com/images/aceite.jpg', 9);

--INSERT INTO Product (product_id, name, description, price, stock, image, category_id) VALUES (20, 'Mouse Inalámbrico Logitech', 'Mouse ergonómico con batería recargable y conexión bluetooth', 28, 130, 'https://example.com/images/mouse.jpg', 10);

--------------------------------------------------------------------------------------------------------------------------------  MODULO ---------------------------------------------------------------------------------

INSERT INTO Module (id, name, base_path) values (1, 'productos','/product');
INSERT INTO Module (id, name, base_path) values (2, 'pagos','/payment');
INSERT INTO Module (id, name, base_path) values (3, 'ordenes','/order-request');
INSERT INTO Module (id, name, base_path) values (4, 'detalle','/detail');
INSERT INTO Module (id, name, base_path) values (5, 'clientes', '/customer');
INSERT INTO Module (id, name, base_path) values (6, 'direcciones', '/address');
INSERT INTO Module (id, name, base_path) values (7, 'categorias', '/category');
INSERT INTO Module (id, name, base_path) values (8, 'administradores', '/administrator');

--------------------------------------------------------------------------------------------------------------------------------  OPERACION ---------------------------------------------------------------------------------

-- PRODUCTOS
INSERT INTO Operation (id, name, path, method, module_id, permit_all) values (1, 'READ_ALL_PRODUCTS', '/get-all', 'GET', 1, false);
INSERT INTO Operation (id, name, path, method, module_id, permit_all) values (2, 'READ_ALL_PRODUCTS_BY_CATEGORY', '/get-all-by-category', 'GET', 1, true);
INSERT INTO Operation (id, name, path, method, module_id, permit_all) values (3, 'READ_ONE_PRODUCT', '/get', 'GET', 1, true);
INSERT INTO Operation (id, name, path, method, module_id, permit_all) values (4, 'CREATE_PRODUCT', '/new', 'POST', 1, false);
INSERT INTO Operation (id, name, path, method, module_id, permit_all) values (5, 'PATCH_PRODUCT', '/patch', 'PATCH', 1, false);
INSERT INTO Operation (id, name, path, method, module_id, permit_all) values (6, 'DELETE_PRODUCT', '/delete', 'DELETE', 1, false);

-- PAGOS
INSERT INTO Operation (id, name, path, method, module_id, permit_all) values (7, 'CREATE_PAYMENT', '/new', 'POST', 2, false);
INSERT INTO Operation (id, name, path, method, module_id, permit_all) values (8, 'READ_ALL_OWN_PAYMENT', '/find', 'GET', 2, false);
INSERT INTO Operation (id, name, path, method, module_id, permit_all) values (9, 'DELETE_PAYMENT', '/delete', 'DELETE', 2, false);

-- ORDENES
INSERT INTO Operation (id, name, path, method, module_id, permit_all) values (10, 'READ_ALL_ORDERS', '/get-all', 'GET', 3, false);
INSERT INTO Operation (id, name, path, method, module_id, permit_all) values (11, 'READ_ALL_OWN_ORDERS', '/get', 'GET', 3, false);
INSERT INTO Operation (id, name, path, method, module_id, permit_all) values (12, 'CREATE_ORDER', '/new', 'POST', 3, false);
INSERT INTO Operation (id, name, path, method, module_id, permit_all) values (13, 'PATCH_ORDER', '/patch', 'PATCH', 3, false);
INSERT INTO Operation (id, name, path, method, module_id, permit_all) values (14, 'PATCH_ORDER_STATUS', '/update/status', 'PATCH', 3, false);
INSERT INTO Operation (id, name, path, method, module_id, permit_all) values (15, 'DELETE_ORDER', '/delete', 'DELETE', 3, false);

-- DETALLE
INSERT INTO Operation (id, name, path, method, module_id, permit_all) values (16, 'PATCH_DETAIL_QUANTITY', '/patch/quantity', 'PATCH', 4, false);

-- CLIENTE
INSERT INTO Operation (id, name, path, method, module_id, permit_all) values (17, 'READ_ALL_CUSTOMERS', '/get-all', 'GET', 5, false);
INSERT INTO Operation (id, name, path, method, module_id, permit_all) values (18, 'READ_ONE_CUSTOMER', '/get', 'GET', 5, false);
INSERT INTO Operation (id, name, path, method, module_id, permit_all) values (19, 'CREATE_CUSTOMER', '/register', 'POST', 5, true);
INSERT INTO Operation (id, name, path, method, module_id, permit_all) values (20, 'PATCH_CUSTOMER', '/patch', 'PATCH', 5, false);
INSERT INTO Operation (id, name, path, method, module_id, permit_all) values (21, 'DELETE_CUSTOMER', '/disable/[A-Za-z0-9._%+-]+@[A-Za-z0-9.-]+\.[A-Za-z]{2,}', 'DELETE', 5, false);

-- DIRECCIONES
INSERT INTO Operation (id, name, path, method, module_id, permit_all) values (22, 'CREATE_ADDRESS', '/new', 'POST', 6, false);
INSERT INTO Operation (id, name, path, method, module_id, permit_all) values (23, 'READ_ALL_OWN_ADDRESS', '/get', 'GET', 6, false);

-- CATEGORIAS
INSERT INTO Operation (id, name, path, method, module_id, permit_all) values (24, 'READ_ALL_CATEGORIES', '/get-all', 'GET', 7, true);
INSERT INTO Operation (id, name, path, method, module_id, permit_all) values (25, 'CREATE_CATEGORY', '/new', 'POST', 7, false);
INSERT INTO Operation (id, name, path, method, module_id, permit_all) values (26, 'PATCH_CATEGORY', '/patch', 'PATCH', 7, false);
INSERT INTO Operation (id, name, path, method, module_id, permit_all) values (27, 'DELETE_CATEGORY', '/delete', 'DELETE', 7, false);

-- ADMINISTRATOR
INSERT INTO Operation (id, name, path, method, module_id, permit_all) values (28, 'READ_ALL_ADMINISTRATORS', '/get-all', 'GET', 8, false);
INSERT INTO Operation (id, name, path, method, module_id, permit_all) values (29, 'READ_ONE_ADMINISTRATOR', '/get', 'GET', 8, false);
INSERT INTO Operation (id, name, path, method, module_id, permit_all) values (30, 'CREATE_ADMINISTRATOR', '/register', 'POST', 8, false);
INSERT INTO Operation (id, name, path, method, module_id, permit_all) values (31, 'PATCH_ADMINISTRATOR_PASSWORD', '/patch/password', 'PATCH', 8, false);
INSERT INTO Operation (id, name, path, method, module_id, permit_all) values (32, 'DELETE_ADMINISTRATOR', '/disable', 'DELETE', 8, false);

--------------------------------------------------------------------------------------------------------------------------------  ROLES ---------------------------------------------------------------------------------

INSERT INTO Role (id, name) values (1, 'ADMINISTRATOR');
INSERT INTO Role (id, name) values (2, 'MANAGER');
INSERT INTO Role (id, name) values (3, 'CUSTOMER');

--------------------------------------------------------------------------------------------------------------------------------  GRANTED PERMISSIONS ---------------------------------------------------------------------------------

-------------------------------------------------------------------------------------------- ADMINISTRATOR PERMISSIONS

-- /PRODUCTOS
INSERT INTO granted_permission (id, role_id, operation_id) values (1, 1, 1);
INSERT INTO granted_permission (id, role_id, operation_id) values (2, 1, 2);
INSERT INTO granted_permission (id, role_id, operation_id) values (3, 1, 3);
INSERT INTO granted_permission (id, role_id, operation_id) values (4, 1, 4);
INSERT INTO granted_permission (id, role_id, operation_id) values (5, 1, 5);
INSERT INTO granted_permission (id, role_id, operation_id) values (6, 1, 6);

-- /ORDENES
INSERT INTO granted_permission (id, role_id, operation_id) values (7, 1, 10);
INSERT INTO granted_permission (id, role_id, operation_id) values (8, 1, 11);
INSERT INTO granted_permission (id, role_id, operation_id) values (9, 1, 14);
INSERT INTO granted_permission (id, role_id, operation_id) values (10, 1, 15);

-- /DETALLE
INSERT INTO granted_permission (id, role_id, operation_id) values (11, 1, 16);

-- /CLIENTE
INSERT INTO granted_permission (id, role_id, operation_id) values (12, 1, 17);
INSERT INTO granted_permission (id, role_id, operation_id) values (13, 1, 18);
INSERT INTO granted_permission (id, role_id, operation_id) values (14, 1, 21);

-- /DIRECCIONES
INSERT INTO granted_permission (id, role_id, operation_id) values (15, 1, 23);

-- /CATEGRIAS
INSERT INTO granted_permission (id, role_id, operation_id) values (16, 1, 24);
INSERT INTO granted_permission (id, role_id, operation_id) values (17, 1, 25);
INSERT INTO granted_permission (id, role_id, operation_id) values (18, 1, 26);
INSERT INTO granted_permission (id, role_id, operation_id) values (19, 1, 27);

-- /ADMINISTRATOR
INSERT INTO granted_permission (id, role_id, operation_id) values (20, 1, 28);
INSERT INTO granted_permission (id, role_id, operation_id) values (21, 1, 29);
INSERT INTO granted_permission (id, role_id, operation_id) values (22, 1, 30);
INSERT INTO granted_permission (id, role_id, operation_id) values (23, 1, 31);
INSERT INTO granted_permission (id, role_id, operation_id) values (24, 1, 32);

-------------------------------------------------------------------------------------------- MANAGER PERMISSIONS

-- /PRODUCTOS
INSERT INTO granted_permission (id, role_id, operation_id) values (25, 2, 1);
INSERT INTO granted_permission (id, role_id, operation_id) values (26, 2, 2);
INSERT INTO granted_permission (id, role_id, operation_id) values (27, 2, 3);
INSERT INTO granted_permission (id, role_id, operation_id) values (28, 2, 4);
INSERT INTO granted_permission (id, role_id, operation_id) values (29, 2, 5);

-- /ORDENES
INSERT INTO granted_permission (id, role_id, operation_id) values (30, 2, 10);
INSERT INTO granted_permission (id, role_id, operation_id) values (31, 2, 11);
INSERT INTO granted_permission (id, role_id, operation_id) values (32, 2, 14);
INSERT INTO granted_permission (id, role_id, operation_id) values (33, 2, 15);

-- /DETALLE
INSERT INTO granted_permission (id, role_id, operation_id) values (34, 2, 16);

-- /CLIENTE
INSERT INTO granted_permission (id, role_id, operation_id) values (35, 2, 17);
INSERT INTO granted_permission (id, role_id, operation_id) values (36, 2, 18);
INSERT INTO granted_permission (id, role_id, operation_id) values (37, 2, 21);

-- /CATEGORIAS
INSERT INTO granted_permission (id, role_id, operation_id) values (38, 2, 25);
INSERT INTO granted_permission (id, role_id, operation_id) values (39, 2, 26);
INSERT INTO granted_permission (id, role_id, operation_id) values (40, 2, 27);

-------------------------------------------------------------------------------------------- CUSTOMER

-- /PAGOS
INSERT INTO granted_permission (id, role_id, operation_id) values (41, 3, 7);
INSERT INTO granted_permission (id, role_id, operation_id) values (42, 3, 8);
INSERT INTO granted_permission (id, role_id, operation_id) values (43, 3, 9);

-- /ORDENES
INSERT INTO granted_permission (id, role_id, operation_id) values (44, 3, 11);
INSERT INTO granted_permission (id, role_id, operation_id) values (45, 3, 12);
INSERT INTO granted_permission (id, role_id, operation_id) values (46, 3, 13);
INSERT INTO granted_permission (id, role_id, operation_id) values (47, 3, 14);
INSERT INTO granted_permission (id, role_id, operation_id) values (48, 3, 15);

-- /DETAIL
INSERT INTO granted_permission (id, role_id, operation_id) values (49, 3, 16);

-- /DIRECCIONES
INSERT INTO granted_permission (id, role_id, operation_id) values (50, 3, 22);
INSERT INTO granted_permission (id, role_id, operation_id) values (51, 3, 23);